<component name="libraryTable">
  <library name="Gradle: android.arch.lifecycle:viewmodel-1.1.1">
    <CLASSES>
      <root url="jar://$USER_HOME$/.gradle/caches/transforms-1/files-1.1/viewmodel-1.1.1.aar/d7d4eaa17770df22f731d83694c0d7f2/jars/classes.jar!/" />
      <root url="file://$USER_HOME$/.gradle/caches/transforms-1/files-1.1/viewmodel-1.1.1.aar/d7d4eaa17770df22f731d83694c0d7f2/res" />
    </CLASSES>
    <JAVADOC />
    <SOURCES>
      <root url="jar://$USER_HOME$/.gradle/caches/modules-2/files-2.1/android.arch.lifecycle/viewmodel/1.1.1/d1cc8e805317f171be63c68341f499acda7e42d6/viewmodel-1.1.1-sources.jar!/" />
    </SOURCES>
  </library>
</component>