<component name="libraryTable">
  <library name="Gradle: com.android.support:slidingpanelayout-28.0.0">
    <CLASSES>
      <root url="file://$USER_HOME$/.gradle/caches/transforms-1/files-1.1/slidingpanelayout-28.0.0.aar/32c3560cae8600704b9960b23f790b7a/res" />
      <root url="jar://$USER_HOME$/.gradle/caches/transforms-1/files-1.1/slidingpanelayout-28.0.0.aar/32c3560cae8600704b9960b23f790b7a/jars/classes.jar!/" />
    </CLASSES>
    <JAVADOC />
    <SOURCES />
  </library>
</component>