<component name="libraryTable">
  <library name="Gradle: com.android.support:localbroadcastmanager-28.0.0">
    <CLASSES>
      <root url="file://$USER_HOME$/.gradle/caches/transforms-1/files-1.1/localbroadcastmanager-28.0.0.aar/e80b26ffdf44aeeefc43006988102ca5/res" />
      <root url="jar://$USER_HOME$/.gradle/caches/transforms-1/files-1.1/localbroadcastmanager-28.0.0.aar/e80b26ffdf44aeeefc43006988102ca5/jars/classes.jar!/" />
    </CLASSES>
    <JAVADOC />
    <SOURCES />
  </library>
</component>