<component name="libraryTable">
  <library name="Gradle: com.google.android.gms:play-services-base-16.0.1">
    <CLASSES>
      <root url="jar://$USER_HOME$/.gradle/caches/transforms-1/files-1.1/play-services-base-16.0.1.aar/fa526ef309057433667b7d818c1cc1c4/jars/classes.jar!/" />
      <root url="file://$USER_HOME$/.gradle/caches/transforms-1/files-1.1/play-services-base-16.0.1.aar/fa526ef309057433667b7d818c1cc1c4/res" />
    </CLASSES>
    <JAVADOC />
    <SOURCES />
  </library>
</component>