<component name="libraryTable">
  <library name="Gradle: com.android.support:drawerlayout-28.0.0">
    <ANNOTATIONS>
      <root url="jar://$USER_HOME$/.gradle/caches/transforms-1/files-1.1/drawerlayout-28.0.0.aar/eab9998d7bd6f4a355ba4368610de711/annotations.zip!/" />
    </ANNOTATIONS>
    <CLASSES>
      <root url="jar://$USER_HOME$/.gradle/caches/transforms-1/files-1.1/drawerlayout-28.0.0.aar/eab9998d7bd6f4a355ba4368610de711/jars/classes.jar!/" />
      <root url="file://$USER_HOME$/.gradle/caches/transforms-1/files-1.1/drawerlayout-28.0.0.aar/eab9998d7bd6f4a355ba4368610de711/res" />
    </CLASSES>
    <JAVADOC />
    <SOURCES />
  </library>
</component>