<component name="libraryTable">
  <library name="Gradle: com.android.support:asynclayoutinflater-28.0.0">
    <CLASSES>
      <root url="file://$USER_HOME$/.gradle/caches/transforms-1/files-1.1/asynclayoutinflater-28.0.0.aar/38fa9828c5ec6e0def91c5384e480fb6/res" />
      <root url="jar://$USER_HOME$/.gradle/caches/transforms-1/files-1.1/asynclayoutinflater-28.0.0.aar/38fa9828c5ec6e0def91c5384e480fb6/jars/classes.jar!/" />
    </CLASSES>
    <JAVADOC />
    <SOURCES />
  </library>
</component>