<component name="libraryTable">
  <library name="Gradle: com.android.support:support-vector-drawable-28.0.0">
    <CLASSES>
      <root url="jar://$USER_HOME$/.gradle/caches/transforms-1/files-1.1/support-vector-drawable-28.0.0.aar/4e15d09ef5d5131ab0b378afa295580d/jars/classes.jar!/" />
      <root url="file://$USER_HOME$/.gradle/caches/transforms-1/files-1.1/support-vector-drawable-28.0.0.aar/4e15d09ef5d5131ab0b378afa295580d/res" />
    </CLASSES>
    <JAVADOC />
    <SOURCES />
  </library>
</component>