<component name="libraryTable">
  <library name="Gradle: com.google.android.gms:play-services-basement-16.0.1">
    <CLASSES>
      <root url="jar://$USER_HOME$/.gradle/caches/transforms-1/files-1.1/play-services-basement-16.0.1.aar/9ca93e04688e49590e885025a70f992b/jars/classes.jar!/" />
      <root url="file://$USER_HOME$/.gradle/caches/transforms-1/files-1.1/play-services-basement-16.0.1.aar/9ca93e04688e49590e885025a70f992b/res" />
    </CLASSES>
    <JAVADOC />
    <SOURCES />
  </library>
</component>