<component name="libraryTable">
  <library name="Gradle: com.android.support:print-28.0.0">
    <ANNOTATIONS>
      <root url="jar://$USER_HOME$/.gradle/caches/transforms-1/files-1.1/print-28.0.0.aar/98a741bb2d5dec0d99fae26f58052531/annotations.zip!/" />
    </ANNOTATIONS>
    <CLASSES>
      <root url="file://$USER_HOME$/.gradle/caches/transforms-1/files-1.1/print-28.0.0.aar/98a741bb2d5dec0d99fae26f58052531/res" />
      <root url="jar://$USER_HOME$/.gradle/caches/transforms-1/files-1.1/print-28.0.0.aar/98a741bb2d5dec0d99fae26f58052531/jars/classes.jar!/" />
    </CLASSES>
    <JAVADOC />
    <SOURCES />
  </library>
</component>