<component name="libraryTable">
  <library name="Gradle: com.android.support:support-fragment-28.0.0">
    <ANNOTATIONS>
      <root url="jar://$USER_HOME$/.gradle/caches/transforms-1/files-1.1/support-fragment-28.0.0.aar/fc9173e5d7b658798403604a2c28d3c2/annotations.zip!/" />
    </ANNOTATIONS>
    <CLASSES>
      <root url="file://$USER_HOME$/.gradle/caches/transforms-1/files-1.1/support-fragment-28.0.0.aar/fc9173e5d7b658798403604a2c28d3c2/res" />
      <root url="jar://$USER_HOME$/.gradle/caches/transforms-1/files-1.1/support-fragment-28.0.0.aar/fc9173e5d7b658798403604a2c28d3c2/jars/classes.jar!/" />
    </CLASSES>
    <JAVADOC />
    <SOURCES />
  </library>
</component>