<component name="libraryTable">
  <library name="Gradle: com.android.support:support-compat-28.0.0">
    <ANNOTATIONS>
      <root url="jar://$USER_HOME$/.gradle/caches/transforms-1/files-1.1/support-compat-28.0.0.aar/963e7af88485d4387eaca27e323bd7f4/annotations.zip!/" />
    </ANNOTATIONS>
    <CLASSES>
      <root url="file://$USER_HOME$/.gradle/caches/transforms-1/files-1.1/support-compat-28.0.0.aar/963e7af88485d4387eaca27e323bd7f4/res" />
      <root url="jar://$USER_HOME$/.gradle/caches/transforms-1/files-1.1/support-compat-28.0.0.aar/963e7af88485d4387eaca27e323bd7f4/jars/classes.jar!/" />
    </CLASSES>
    <JAVADOC />
    <SOURCES />
  </library>
</component>