<component name="libraryTable">
  <library name="Gradle: android.arch.lifecycle:livedata-core-1.1.1">
    <CLASSES>
      <root url="jar://$USER_HOME$/.gradle/caches/transforms-1/files-1.1/livedata-core-1.1.1.aar/3f17264c00baba5703153466933f7c7c/jars/classes.jar!/" />
      <root url="file://$USER_HOME$/.gradle/caches/transforms-1/files-1.1/livedata-core-1.1.1.aar/3f17264c00baba5703153466933f7c7c/res" />
    </CLASSES>
    <JAVADOC />
    <SOURCES>
      <root url="jar://$USER_HOME$/.gradle/caches/modules-2/files-2.1/android.arch.lifecycle/livedata-core/1.1.1/c38818e006ea7a408c05e3090364332d46494ef/livedata-core-1.1.1-sources.jar!/" />
    </SOURCES>
  </library>
</component>