<component name="libraryTable">
  <library name="Gradle: com.android.support:swiperefreshlayout-28.0.0">
    <ANNOTATIONS>
      <root url="jar://$USER_HOME$/.gradle/caches/transforms-1/files-1.1/swiperefreshlayout-28.0.0.aar/7fbbd86a7a235c707bcac5faaee1eba8/annotations.zip!/" />
    </ANNOTATIONS>
    <CLASSES>
      <root url="file://$USER_HOME$/.gradle/caches/transforms-1/files-1.1/swiperefreshlayout-28.0.0.aar/7fbbd86a7a235c707bcac5faaee1eba8/res" />
      <root url="jar://$USER_HOME$/.gradle/caches/transforms-1/files-1.1/swiperefreshlayout-28.0.0.aar/7fbbd86a7a235c707bcac5faaee1eba8/jars/classes.jar!/" />
    </CLASSES>
    <JAVADOC />
    <SOURCES />
  </library>
</component>