<component name="libraryTable">
  <library name="Gradle: com.android.support:coordinatorlayout-28.0.0">
    <ANNOTATIONS>
      <root url="jar://$USER_HOME$/.gradle/caches/transforms-1/files-1.1/coordinatorlayout-28.0.0.aar/c5e0b04aeff7d4c0c28eb4cbc800fd23/annotations.zip!/" />
    </ANNOTATIONS>
    <CLASSES>
      <root url="jar://$USER_HOME$/.gradle/caches/transforms-1/files-1.1/coordinatorlayout-28.0.0.aar/c5e0b04aeff7d4c0c28eb4cbc800fd23/jars/classes.jar!/" />
      <root url="file://$USER_HOME$/.gradle/caches/transforms-1/files-1.1/coordinatorlayout-28.0.0.aar/c5e0b04aeff7d4c0c28eb4cbc800fd23/res" />
    </CLASSES>
    <JAVADOC />
    <SOURCES />
  </library>
</component>