<component name="libraryTable">
  <library name="Gradle: com.android.support:versionedparcelable-28.0.0">
    <CLASSES>
      <root url="jar://$USER_HOME$/.gradle/caches/transforms-1/files-1.1/versionedparcelable-28.0.0.aar/d890c3379cc92f3f191d6a2678cb4516/jars/classes.jar!/" />
      <root url="file://$USER_HOME$/.gradle/caches/transforms-1/files-1.1/versionedparcelable-28.0.0.aar/d890c3379cc92f3f191d6a2678cb4516/res" />
    </CLASSES>
    <JAVADOC />
    <SOURCES />
  </library>
</component>