<component name="libraryTable">
  <library name="Gradle: com.google.android.gms:play-services-tasks-16.0.1">
    <CLASSES>
      <root url="file://$USER_HOME$/.gradle/caches/transforms-1/files-1.1/play-services-tasks-16.0.1.aar/cfef7a76701df60a587d58bb1df69c1e/res" />
      <root url="jar://$USER_HOME$/.gradle/caches/transforms-1/files-1.1/play-services-tasks-16.0.1.aar/cfef7a76701df60a587d58bb1df69c1e/jars/classes.jar!/" />
    </CLASSES>
    <JAVADOC />
    <SOURCES />
  </library>
</component>