<component name="libraryTable">
  <library name="Gradle: com.android.support:support-media-compat-26.1.0">
    <CLASSES>
      <root url="jar://$USER_HOME$/.gradle/caches/transforms-1/files-1.1/support-media-compat-26.1.0.aar/ea90fd1aea33812e36de58fc98e4d1bd/jars/classes.jar!/" />
      <root url="file://$USER_HOME$/.gradle/caches/transforms-1/files-1.1/support-media-compat-26.1.0.aar/ea90fd1aea33812e36de58fc98e4d1bd/res" />
    </CLASSES>
    <JAVADOC />
    <SOURCES>
      <root url="jar://$USER_HOME$/.gradle/caches/modules-2/files-2.1/com.android.support/support-media-compat/26.1.0/774fd1164ec32514eec562953f723a1920a7fef7/support-media-compat-26.1.0-sources.jar!/" />
    </SOURCES>
  </library>
</component>