<component name="libraryTable">
  <library name="Gradle: com.android.support:animated-vector-drawable-28.0.0">
    <CLASSES>
      <root url="file://$USER_HOME$/.gradle/caches/transforms-1/files-1.1/animated-vector-drawable-28.0.0.aar/a56edf2ea06ec78a2fcc6f123bd4da25/res" />
      <root url="jar://$USER_HOME$/.gradle/caches/transforms-1/files-1.1/animated-vector-drawable-28.0.0.aar/a56edf2ea06ec78a2fcc6f123bd4da25/jars/classes.jar!/" />
    </CLASSES>
    <JAVADOC />
    <SOURCES />
  </library>
</component>