<component name="libraryTable">
  <library name="Gradle: com.android.support:support-core-utils-28.0.0">
    <CLASSES>
      <root url="jar://$USER_HOME$/.gradle/caches/transforms-1/files-1.1/support-core-utils-28.0.0.aar/daae6bfa7a78fed11f95b3ca18d5ca57/jars/classes.jar!/" />
      <root url="file://$USER_HOME$/.gradle/caches/transforms-1/files-1.1/support-core-utils-28.0.0.aar/daae6bfa7a78fed11f95b3ca18d5ca57/res" />
    </CLASSES>
    <JAVADOC />
    <SOURCES />
  </library>
</component>