<component name="libraryTable">
  <library name="Gradle: com.android.support:appcompat-v7-28.0.0">
    <ANNOTATIONS>
      <root url="jar://$USER_HOME$/.gradle/caches/transforms-1/files-1.1/appcompat-v7-28.0.0.aar/8feedc7ca07264fae084cf5a516b96b3/annotations.zip!/" />
    </ANNOTATIONS>
    <CLASSES>
      <root url="jar://$USER_HOME$/.gradle/caches/transforms-1/files-1.1/appcompat-v7-28.0.0.aar/8feedc7ca07264fae084cf5a516b96b3/jars/classes.jar!/" />
      <root url="file://$USER_HOME$/.gradle/caches/transforms-1/files-1.1/appcompat-v7-28.0.0.aar/8feedc7ca07264fae084cf5a516b96b3/res" />
    </CLASSES>
    <JAVADOC />
    <SOURCES />
  </library>
</component>